job_title,label
Peneliti pertanian ramah lingkungan,1
Petugas taman nasional,1
Spesialis mitigasi perubahan iklim,1
Operator mesin cetak,0
Teknisi pemeliharaan turbin angin,1
Spesialis pengurangan limbah industri,1
Operator Mesin Pabrik,0
Karyawan warnet,0
Arsitek hijau,1
Ahli keuangan hijau,1
Manajer proyek keberlanjutan,1
Pegawai pabrik kembang api,0
petani organik,1
Staf produksi iklan TV,0
Admin toko online,0
Agronomis berkelanjutan,1
Kasir supermarket,0
Jurnalis lingkungan,1
Pengelola tempat hiburan malam,0
Teknisi panel surya,1
Spesialis transportasi berkelanjutan,1
Aktivis lingkungan,1
Sales Motor,0
Promotor event konser besar,0
Teknisi pengolahan air bersih,1
Teknisi kompos,1
Influencer produk kosmetik,0
Bartender,0
Pengrajin material bangunan daur ulang,1
Manajer restoran cepat saji,0
Pengelola hutan lestari,1
Penyuluh pertanian ramah lingkungan,1
Agen asuransi,0
Pekerja restorasi terumbu karang,1
Petugas keamanan mal,0
Editor video sinetron,0
Pegawai call center,0
Operator sepeda umum,1
Sopir taksi online,0
Customer Service,0
Teknisi energi panas bumi,1
Auditor energi bangunan,1
Desainer kota hijau,1
Montir Motor,0
Ahli manajemen lalu lintas hijau,1
Konsultan MLM,0
Penjaga parkir,0
Operator pembangkit listrik tenaga air,1
Akuntan,0
Pramusaji,0
Insinyur limbah padat,1
Pengawas biodiversitas,1
Kontraktor ramah lingkungan,1
Pekerja permakultur,1
Tukang Las,0
Spesialis LEED,1
Pengembang game judi online,0
Insinyur energi biomassa,1
Peneliti lingkungan,1
Manajer pemasaran,0
Petugas Keamanan,0
Penulis konten clickbait,0
Insinyur sistem transportasi umum,1
Nelayan ramah lingkungan,1
Desainer interior untuk rumah mewah,0
Operator alat berat di tambang batu bara,0
Konsultan efisiensi energi,1
Spesialis agroforestri,1
Penjual produk plastik sekali pakai,0
Desainer sistem fotovoltaik,1
Pengelola kebun ekowisata,1
Operator fasilitas pengelolaan limbah,1
Pembuat rokok linting,0
Spesialis bioenergi,1
Operator mesin pabrik tekstil,0
Pekerja pabrik plastik,0
Pemotong daging di pabrik,0
HR untuk perusahaan hijau,1
Penyuluh konservasi alam,1
Manajer media sosial produk fast fashion,0
Edukator lingkungan,1
Kolektor utang,0
Kasir,0
Karyawan showroom mobil mewah,0
Penjaga toko ritel,0
Sopir truk barang industri,0
Koordinator pengumpulan sampah organik,1
Pengembang perangkat lunak untuk energi bersih,1
Konsultan jejak karbon,1
Kurir ekspedisi,0
Penjual makanan cepat saji,0
Desainer produk ramah lingkungan,1
Akuntan publik,0
Insinyur bangunan berkelanjutan,1
Pemilik usaha laundry kiloan,0
Data scientist untuk analisis lingkungan,1
Supir Truk,0
Pengemudi ojek online,0
Pekerja daur ulang,1
Perencana tata ruang berkelanjutan,1
Editor konten prank,0
Installer turbin angin,1
Analis kebijakan lingkungan,1
Pengawas konservasi laut,1
Insinyur energi terbarukan,1
Peneliti biota laut,1
Model iklan produk instan,0
Penata rambut selebriti,0
Teknisi reparasi alat elektronik konvensional,0
Penyortir paket logistik,0
Sales motor,0
Pegawai admin kantor,0
Desainer pakaian massal,0
Petugas SPBU,0
Spesialis akuakultur berkelanjutan,1
Ahli hukum lingkungan,1
Teller bank,0
Juru masak restoran cepat saji,0
Teknisi konservasi tanah dan air,1
Penambang kripto,0
Spesialis ESG,1
Penyiar radio hiburan,0
