{"peneliti": 155, "pertanian": 174, "ramah": 188, "lingkungan": 108, "petugas": 178, "taman": 217, "nasional": 131, "spesialis": 211, "mitigasi": 125, "perubahan": 175, "iklim": 65, "operator": 135, "mesin": 123, "cetak": 36, "teknisi": 221, "pemeliharaan": 150, "turbin": 232, "angin": 13, "pengurangan": 164, "limbah": 107, "industri": 66, "pabrik": 137, "karyawan": 79, "warnet": 240, "arsitek": 15, "hijau": 60, "ahli": 4, "keuangan": 86, "manajer": 118, "proyek": 185, "keberlanjutan": 82, "pegawai": 145, "kembang": 85, "api": 14, "petani": 177, "organik": 136, "staf": 212, "produksi": 183, "iklan": 64, "tv": 233, "admin": 0, "toko": 228, "online": 134, "agronomis": 3, "berkelanjutan": 25, "kasir": 80, "supermarket": 213, "jurnalis": 74, "pengelola": 157, "tempat": 224, "hiburan": 59, "malam": 116, "panel": 143, "surya": 215, "transportasi": 229, "aktivis": 6, "sales": 198, "motor": 130, "promotor": 184, "event": 53, "konser": 90, "besar": 27, "pengolahan": 161, "air": 5, "bersih": 26, "kompos": 89, "influencer": 67, "produk": 182, "kosmetik": 97, "bartender": 22, "pengrajin": 162, "material": 121, "bangunan": 18, "daur": 42, "ulang": 234, "restoran": 191, "cepat": 35, "saji": 197, "hutan": 63, "lestari": 106, "penyuluh": 170, "agen": 1, "asuransi": 16, "pekerja": 146, "restorasi": 192, "terumbu": 227, "karang": 77, "keamanan": 81, "mal": 115, "editor": 45, "video": 239, "sinetron": 206, "call": 33, "center": 34, "sepeda": 203, "umum": 235, "sopir": 208, "taksi": 216, "customer": 38, "service": 204, "energi": 51, "panas": 142, "bumi": 32, "auditor": 17, "desainer": 43, "kota": 98, "montir": 129, "manajemen": 117, "lalu": 101, "lintas": 109, "konsultan": 92, "mlm": 126, "penjaga": 165, "parkir": 144, "pembangkit": 148, "listrik": 111, "tenaga": 225, "akuntan": 8, "pramusaji": 180, "insinyur": 68, "padat": 138, "pengawas": 156, "biodiversitas": 28, "kontraktor": 94, "permakultur": 173, "tukang": 231, "las": 102, "leed": 105, "pengembang": 159, "game": 58, "judi": 73, "biomassa": 30, "pemasaran": 147, "penulis": 167, "konten": 93, "clickbait": 37, "sistem": 207, "nelayan": 132, "interior": 71, "untuk": 236, "rumah": 196, "mewah": 124, "alat": 10, "berat": 24, "di": 44, "tambang": 218, "batu": 23, "bara": 20, "efisiensi": 47, "agroforestri": 2, "penjual": 166, "plastik": 179, "sekali": 201, "pakai": 139, "fotovoltaik": 57, "kebun": 84, "ekowisata": 48, "fasilitas": 55, "pengelolaan": 158, "pembuat": 149, "rokok": 194, "linting": 110, "bioenergi": 29, "tekstil": 222, "pemotong": 152, "daging": 39, "hr": 61, "perusahaan": 176, "konservasi": 91, "alam": 9, "media": 122, "sosial": 209, "fast": 56, "fashion": 54, "edukator": 46, "kolektor": 88, "utang": 238, "showroom": 205, "mobil": 127, "ritel": 193, "truk": 230, "barang": 21, "koordinator": 96, "pengumpulan": 163, "sampah": 199, "perangkat": 171, "lunak": 113, "jejak": 72, "karbon": 78, "kurir": 100, "ekspedisi": 49, "makanan": 114, "publik": 186, "pemilik": 151, "usaha": 237, "laundry": 103, "kiloan": 87, "data": 41, "scientist": 200, "analisis": 12, "supir": 214, "pengemudi": 160, "ojek": 133, "perencana": 172, "tata": 220, "ruang": 195, "prank": 181, "installer": 69, "analis": 11, "kebijakan": 83, "laut": 104, "terbarukan": 226, "biota": 31, "model": 128, "instan": 70, "penata": 154, "rambut": 189, "selebriti": 202, "reparasi": 190, "elektronik": 50, "konvensional": 95, "penyortir": 169, "paket": 141, "logistik": 112, "kantor": 76, "pakaian": 140, "massal": 120, "spbu": 210, "akuakultur": 7, "hukum": 62, "teller": 223, "bank": 19, "juru": 75, "masak": 119, "tanah": 219, "dan": 40, "penambang": 153, "kripto": 99, "esg": 52, "penyiar": 168, "radio": 187}